,casetype,distance,Euc,Mik,chb
1,case1,76005.47698337256,76005.47698337256,26968.0
1,case2,79549.99433702567,79549.99433702567,30983.0
1,case3,81538.57809626113,81538.57809626113,33233.0
