num,method,casetype,distance
1,Js,case1,0.0008531577491187258
1,Js,case2,1.4683218194490866
1,Js,case3,2.4227371709220686
1,Js,case4,2.133890161197518
1,Js,case5,3.4597893948816614
