num,method,case,node1,node2,node3,node4,node5
1,Kl,case1,0.0006209428326551086,0.0005387515131136335,0.0005017954459776559,0.00022760554542121476,0.00047360639931758936
1,Kl,case2,0.7661573353722462,0.785446162833387,0.7440029877185498,0.743707767217196,0.7437407656468268
1,Kl,case3,1.2061912123380083,1.3682508054920495,1.1775133588758662,1.1895605749554463,1.3685044679757778
1,Kl,case4,1.0478334084808565,1.1835455865896216,1.0297955787261304,0.6513961127473703,1.3685044679757778
1,Kl,case5,1.2776927681347452,1.2773012669806305,2.2920009184754466,2.3047862654698115,1.322951852946539
