num,method,casetype,distance
1,Mik,case1,76005.47698337256
1,Mik,case2,79549.99433702567
1,Mik,case3,81538.57809626113
1,Mik,case4,80826.73693756622
1,Mik,case5,84005.39176748373
