num,case,distance
1,case1,76005.47698337256
1,case2,79549.99433702567
1,case3,81538.57809626113
