,distype,casetype,distance
1,Euc,case1,76005.47698337256
1,Euc,case2,79549.99433702567
1,Euc,case3,81538.57809626113
