,distype,casetype,distance
1,Euc,case1,2995.8149436608815
1,Euc,case2,127275.90262300419
1,Euc,case3,177870.76818088832
