,distype,casetype,distance
1,Mik,case1,2995.8149436608815
1,Mik,case2,127275.90262300419
1,Mik,case3,177870.76818088832
